marketplace,pct_x,metadata_score
skills_sh,0.0,18.0
skills_sh,0.125471,18.0
skills_sh,0.250941,18.0
skills_sh,0.376412,18.0
skills_sh,0.501882,18.0
skills_sh,0.627353,18.0
skills_sh,0.752823,18.0
skills_sh,0.878294,18.0
skills_sh,1.003764,19.0
skills_sh,1.129235,19.0
skills_sh,1.254705,19.0
skills_sh,1.380176,19.0
skills_sh,1.505646,19.0
skills_sh,1.631117,19.0
skills_sh,1.756587,19.0
skills_sh,1.882058,19.0
skills_sh,2.007528,19.0
skills_sh,2.132999,19.0
skills_sh,2.258469,22.0
skills_sh,2.38394,22.0
skills_sh,2.50941,22.0
skills_sh,2.634881,22.0
skills_sh,2.760351,22.0
skills_sh,2.885822,22.0
skills_sh,3.011292,22.0
skills_sh,3.136763,22.0
skills_sh,3.262233,22.0
skills_sh,3.387704,22.0
skills_sh,3.513174,22.0
skills_sh,3.638645,22.0
skills_sh,3.764115,22.0
skills_sh,3.889586,22.0
skills_sh,4.015056,22.0
skills_sh,4.140527,22.0
skills_sh,4.265997,22.0
skills_sh,4.391468,22.0
skills_sh,4.516939,22.0
skills_sh,4.642409,22.0
skills_sh,4.76788,22.0
skills_sh,4.89335,22.0
skills_sh,5.018821,22.0
skills_sh,5.144291,22.0
skills_sh,5.269762,22.0
skills_sh,5.395232,22.0
skills_sh,5.520703,22.0
skills_sh,5.646173,22.0
skills_sh,5.771644,22.0
skills_sh,5.897114,22.0
skills_sh,6.022585,22.0
skills_sh,6.148055,23.0
skills_sh,6.273526,23.0
skills_sh,6.398996,23.0
skills_sh,6.524467,23.0
skills_sh,6.649937,23.0
skills_sh,6.775408,23.0
skills_sh,6.900878,23.0
skills_sh,7.026349,23.0
skills_sh,7.151819,23.0
skills_sh,7.27729,23.0
skills_sh,7.40276,23.0
skills_sh,7.528231,23.0
skills_sh,7.653701,23.0
skills_sh,7.779172,23.0
skills_sh,7.904642,23.0
skills_sh,8.030113,23.0
skills_sh,8.155583,23.0
skills_sh,8.281054,23.0
skills_sh,8.406524,23.0
skills_sh,8.531995,23.0
skills_sh,8.657465,23.0
skills_sh,8.782936,23.0
skills_sh,8.908407,23.0
skills_sh,9.033877,23.0
skills_sh,9.159348,23.0
skills_sh,9.284818,23.0
skills_sh,9.410289,23.0
skills_sh,9.535759,23.0
skills_sh,9.66123,23.0
skills_sh,9.7867,23.0
skills_sh,9.912171,23.0
skills_sh,10.037641,23.0
skills_sh,10.163112,23.0
skills_sh,10.288582,23.0
skills_sh,10.414053,23.0
skills_sh,10.539523,23.0
skills_sh,10.664994,23.0
skills_sh,10.790464,23.0
skills_sh,10.915935,23.0
skills_sh,11.041405,23.0
skills_sh,11.166876,23.0
skills_sh,11.292346,23.0
skills_sh,11.417817,23.0
skills_sh,11.543287,23.0
skills_sh,11.668758,23.0
skills_sh,11.794228,23.0
skills_sh,11.919699,23.0
skills_sh,12.045169,23.0
skills_sh,12.17064,23.0
skills_sh,12.29611,23.0
skills_sh,12.421581,23.0
skills_sh,12.547051,23.0
skills_sh,12.672522,23.0
skills_sh,12.797992,23.0
skills_sh,12.923463,23.0
skills_sh,13.048934,23.0
skills_sh,13.174404,23.0
skills_sh,13.299875,23.0
skills_sh,13.425345,23.0
skills_sh,13.550816,23.0
skills_sh,13.676286,23.0
skills_sh,13.801757,23.0
skills_sh,13.927227,23.0
skills_sh,14.052698,23.0
skills_sh,14.178168,24.0
skills_sh,14.303639,24.0
skills_sh,14.429109,24.0
skills_sh,14.55458,24.0
skills_sh,14.68005,24.0
skills_sh,14.805521,24.0
skills_sh,14.930991,24.0
skills_sh,15.056462,24.0
skills_sh,15.181932,24.0
skills_sh,15.307403,24.0
skills_sh,15.432873,24.0
skills_sh,15.558344,24.0
skills_sh,15.683814,24.0
skills_sh,15.809285,24.0
skills_sh,15.934755,24.0
skills_sh,16.060226,24.0
skills_sh,16.185696,24.0
skills_sh,16.311167,24.0
skills_sh,16.436637,24.0
skills_sh,16.562108,24.0
skills_sh,16.687578,24.0
skills_sh,16.813049,24.0
skills_sh,16.938519,24.0
skills_sh,17.06399,24.0
skills_sh,17.18946,24.0
skills_sh,17.314931,24.0
skills_sh,17.440402,24.0
skills_sh,17.565872,24.0
skills_sh,17.691343,24.0
skills_sh,17.816813,24.0
skills_sh,17.942284,24.75
skills_sh,18.067754,26.0
skills_sh,18.193225,26.0
skills_sh,18.318695,26.5
skills_sh,18.444166,26.5
skills_sh,18.569636,26.5
skills_sh,18.695107,26.5
skills_sh,18.820577,26.5
skills_sh,18.946048,26.5
skills_sh,19.071518,26.5
skills_sh,19.196989,26.5
skills_sh,19.322459,26.5
skills_sh,19.44793,26.5
skills_sh,19.5734,26.5
skills_sh,19.698871,26.5
skills_sh,19.824341,26.5
skills_sh,19.949812,26.5
skills_sh,20.075282,26.5
skills_sh,20.200753,26.5
skills_sh,20.326223,27.0
skills_sh,20.451694,27.0
skills_sh,20.577164,27.0
skills_sh,20.702635,27.0
skills_sh,20.828105,27.0
skills_sh,20.953576,27.0
skills_sh,21.079046,27.0
skills_sh,21.204517,27.0
skills_sh,21.329987,27.0
skills_sh,21.455458,27.0
skills_sh,21.580928,27.0
skills_sh,21.706399,27.0
skills_sh,21.83187,27.0
skills_sh,21.95734,27.0
skills_sh,22.082811,27.5
skills_sh,22.208281,27.5
skills_sh,22.333752,27.5
skills_sh,22.459222,27.5
skills_sh,22.584693,28.0
skills_sh,22.710163,28.0
skills_sh,22.835634,28.0
skills_sh,22.961104,28.0
skills_sh,23.086575,28.0
skills_sh,23.212045,28.0
skills_sh,23.337516,28.0
skills_sh,23.462986,28.0
skills_sh,23.588457,28.0
skills_sh,23.713927,28.0
skills_sh,23.839398,28.0
skills_sh,23.964868,28.0
skills_sh,24.090339,28.0
skills_sh,24.215809,29.0
skills_sh,24.34128,29.0
skills_sh,24.46675,29.0
skills_sh,24.592221,30.25
skills_sh,24.717691,31.0
skills_sh,24.843162,31.0
skills_sh,24.968632,31.0
skills_sh,25.094103,31.0
skills_sh,25.219573,31.25
skills_sh,25.345044,31.25
skills_sh,25.470514,31.25
skills_sh,25.595985,31.25
skills_sh,25.721455,31.25
skills_sh,25.846926,31.25
skills_sh,25.972396,31.5
skills_sh,26.097867,31.5
skills_sh,26.223338,31.5
skills_sh,26.348808,31.5
skills_sh,26.474279,32.0
skills_sh,26.599749,32.0
skills_sh,26.72522,32.0
skills_sh,26.85069,32.0
skills_sh,26.976161,32.0
skills_sh,27.101631,32.0
skills_sh,27.227102,32.0
skills_sh,27.352572,32.0
skills_sh,27.478043,32.0
skills_sh,27.603513,32.0
skills_sh,27.728984,32.5
skills_sh,27.854454,32.5
skills_sh,27.979925,32.5
skills_sh,28.105395,32.5
skills_sh,28.230866,32.5
skills_sh,28.356336,33.0
skills_sh,28.481807,33.0
skills_sh,28.607277,33.0
skills_sh,28.732748,33.0
skills_sh,28.858218,33.0
skills_sh,28.983689,33.0
skills_sh,29.109159,33.0
skills_sh,29.23463,33.0
skills_sh,29.3601,33.0
skills_sh,29.485571,33.0
skills_sh,29.611041,33.0
skills_sh,29.736512,33.0
skills_sh,29.861982,33.0
skills_sh,29.987453,33.0
skills_sh,30.112923,33.75
skills_sh,30.238394,34.25
skills_sh,30.363864,34.25
skills_sh,30.489335,34.25
skills_sh,30.614806,34.25
skills_sh,30.740276,34.25
skills_sh,30.865747,34.25
skills_sh,30.991217,34.25
skills_sh,31.116688,34.25
skills_sh,31.242158,34.25
skills_sh,31.367629,34.25
skills_sh,31.493099,34.25
skills_sh,31.61857,34.25
skills_sh,31.74404,34.25
skills_sh,31.869511,34.25
skills_sh,31.994981,34.25
skills_sh,32.120452,34.25
skills_sh,32.245922,34.25
skills_sh,32.371393,34.25
skills_sh,32.496863,34.25
skills_sh,32.622334,34.25
skills_sh,32.747804,34.25
skills_sh,32.873275,34.25
skills_sh,32.998745,34.25
skills_sh,33.124216,34.25
skills_sh,33.249686,34.25
skills_sh,33.375157,34.25
skills_sh,33.500627,34.25
skills_sh,33.626098,34.25
skills_sh,33.751568,34.25
skills_sh,33.877039,34.25
skills_sh,34.002509,34.25
skills_sh,34.12798,34.25
skills_sh,34.25345,34.25
skills_sh,34.378921,34.25
skills_sh,34.504391,34.25
skills_sh,34.629862,34.25
skills_sh,34.755332,34.25
skills_sh,34.880803,34.5
skills_sh,35.006274,34.5
skills_sh,35.131744,34.75
skills_sh,35.257215,34.75
skills_sh,35.382685,34.75
skills_sh,35.508156,35.25
skills_sh,35.633626,35.25
skills_sh,35.759097,35.25
skills_sh,35.884567,35.25
skills_sh,36.010038,35.25
skills_sh,36.135508,35.25
skills_sh,36.260979,35.25
skills_sh,36.386449,35.25
skills_sh,36.51192,35.25
skills_sh,36.63739,35.25
skills_sh,36.762861,35.25
skills_sh,36.888331,35.25
skills_sh,37.013802,35.25
skills_sh,37.139272,35.25
skills_sh,37.264743,35.25
skills_sh,37.390213,35.25
skills_sh,37.515684,35.25
skills_sh,37.641154,35.25
skills_sh,37.766625,35.25
skills_sh,37.892095,35.25
skills_sh,38.017566,35.25
skills_sh,38.143036,35.25
skills_sh,38.268507,35.25
skills_sh,38.393977,35.25
skills_sh,38.519448,35.25
skills_sh,38.644918,35.25
skills_sh,38.770389,35.25
skills_sh,38.895859,35.25
skills_sh,39.02133,35.25
skills_sh,39.146801,35.25
skills_sh,39.272271,35.25
skills_sh,39.397742,35.25
skills_sh,39.523212,35.25
skills_sh,39.648683,35.25
skills_sh,39.774153,35.25
skills_sh,39.899624,35.25
skills_sh,40.025094,35.25
skills_sh,40.150565,35.25
skills_sh,40.276035,36.0
skills_sh,40.401506,36.0
skills_sh,40.526976,36.0
skills_sh,40.652447,36.0
skills_sh,40.777917,36.25
skills_sh,40.903388,36.25
skills_sh,41.028858,36.25
skills_sh,41.154329,36.25
skills_sh,41.279799,36.25
skills_sh,41.40527,36.25
skills_sh,41.53074,36.25
skills_sh,41.656211,36.25
skills_sh,41.781681,36.25
skills_sh,41.907152,36.25
skills_sh,42.032622,36.25
skills_sh,42.158093,36.25
skills_sh,42.283563,36.25
skills_sh,42.409034,36.25
skills_sh,42.534504,36.25
skills_sh,42.659975,36.25
skills_sh,42.785445,36.25
skills_sh,42.910916,36.25
skills_sh,43.036386,36.5
skills_sh,43.161857,36.5
skills_sh,43.287327,36.5
skills_sh,43.412798,37.0
skills_sh,43.538269,37.0
skills_sh,43.663739,37.0
skills_sh,43.78921,37.0
skills_sh,43.91468,37.0
skills_sh,44.040151,37.0
skills_sh,44.165621,37.0
skills_sh,44.291092,37.0
skills_sh,44.416562,37.0
skills_sh,44.542033,37.0
skills_sh,44.667503,37.75
skills_sh,44.792974,37.75
skills_sh,44.918444,37.75
skills_sh,45.043915,37.75
skills_sh,45.169385,37.75
skills_sh,45.294856,37.75
skills_sh,45.420326,37.75
skills_sh,45.545797,37.75
skills_sh,45.671267,37.75
skills_sh,45.796738,37.75
skills_sh,45.922208,37.75
skills_sh,46.047679,37.75
skills_sh,46.173149,37.75
skills_sh,46.29862,37.75
skills_sh,46.42409,37.75
skills_sh,46.549561,37.75
skills_sh,46.675031,37.75
skills_sh,46.800502,37.75
skills_sh,46.925972,37.75
skills_sh,47.051443,37.75
skills_sh,47.176913,37.75
skills_sh,47.302384,37.75
skills_sh,47.427854,37.75
skills_sh,47.553325,37.75
skills_sh,47.678795,37.75
skills_sh,47.804266,37.75
skills_sh,47.929737,37.75
skills_sh,48.055207,37.75
skills_sh,48.180678,38.25
skills_sh,48.306148,38.25
skills_sh,48.431619,38.25
skills_sh,48.557089,38.25
skills_sh,48.68256,38.5
skills_sh,48.80803,38.75
skills_sh,48.933501,38.75
skills_sh,49.058971,38.75
skills_sh,49.184442,38.75
skills_sh,49.309912,38.75
skills_sh,49.435383,38.75
skills_sh,49.560853,38.75
skills_sh,49.686324,38.75
skills_sh,49.811794,38.75
skills_sh,49.937265,38.75
skills_sh,50.062735,38.75
skills_sh,50.188206,38.75
skills_sh,50.313676,38.75
skills_sh,50.439147,38.75
skills_sh,50.564617,38.75
skills_sh,50.690088,38.75
skills_sh,50.815558,38.75
skills_sh,50.941029,38.75
skills_sh,51.066499,38.75
skills_sh,51.19197,38.75
skills_sh,51.31744,38.75
skills_sh,51.442911,38.75
skills_sh,51.568381,38.75
skills_sh,51.693852,38.75
skills_sh,51.819322,39.25
skills_sh,51.944793,39.25
skills_sh,52.070263,39.25
skills_sh,52.195734,39.25
skills_sh,52.321205,39.25
skills_sh,52.446675,39.25
skills_sh,52.572146,39.25
skills_sh,52.697616,39.25
skills_sh,52.823087,39.25
skills_sh,52.948557,39.25
skills_sh,53.074028,39.25
skills_sh,53.199498,39.25
skills_sh,53.324969,39.25
skills_sh,53.450439,39.25
skills_sh,53.57591,39.5
skills_sh,53.70138,39.5
skills_sh,53.826851,39.75
skills_sh,53.952321,39.75
skills_sh,54.077792,39.75
skills_sh,54.203262,39.75
skills_sh,54.328733,39.75
skills_sh,54.454203,39.75
skills_sh,54.579674,39.75
skills_sh,54.705144,39.75
skills_sh,54.830615,39.75
skills_sh,54.956085,39.75
skills_sh,55.081556,39.75
skills_sh,55.207026,39.75
skills_sh,55.332497,39.75
skills_sh,55.457967,39.75
skills_sh,55.583438,39.75
skills_sh,55.708908,39.75
skills_sh,55.834379,39.75
skills_sh,55.959849,40.0
skills_sh,56.08532,40.0
skills_sh,56.21079,40.25
skills_sh,56.336261,40.25
skills_sh,56.461731,40.25
skills_sh,56.587202,40.25
skills_sh,56.712673,40.25
skills_sh,56.838143,40.25
skills_sh,56.963614,40.25
skills_sh,57.089084,40.25
skills_sh,57.214555,40.25
skills_sh,57.340025,40.25
skills_sh,57.465496,40.5
skills_sh,57.590966,40.5
skills_sh,57.716437,41.0
skills_sh,57.841907,41.25
skills_sh,57.967378,41.25
skills_sh,58.092848,41.25
skills_sh,58.218319,41.25
skills_sh,58.343789,41.25
skills_sh,58.46926,41.25
skills_sh,58.59473,41.25
skills_sh,58.720201,41.25
skills_sh,58.845671,41.25
skills_sh,58.971142,41.25
skills_sh,59.096612,41.25
skills_sh,59.222083,41.25
skills_sh,59.347553,41.25
skills_sh,59.473024,41.25
skills_sh,59.598494,41.75
skills_sh,59.723965,42.0
skills_sh,59.849435,42.25
skills_sh,59.974906,42.25
skills_sh,60.100376,42.25
skills_sh,60.225847,42.25
skills_sh,60.351317,42.25
skills_sh,60.476788,42.25
skills_sh,60.602258,42.25
skills_sh,60.727729,42.5
skills_sh,60.853199,42.75
skills_sh,60.97867,42.75
skills_sh,61.104141,42.75
skills_sh,61.229611,42.75
skills_sh,61.355082,42.75
skills_sh,61.480552,43.25
skills_sh,61.606023,43.25
skills_sh,61.731493,43.25
skills_sh,61.856964,43.25
skills_sh,61.982434,43.25
skills_sh,62.107905,43.25
skills_sh,62.233375,43.25
skills_sh,62.358846,43.25
skills_sh,62.484316,43.25
skills_sh,62.609787,43.25
skills_sh,62.735257,43.25
skills_sh,62.860728,43.25
skills_sh,62.986198,43.25
skills_sh,63.111669,43.25
skills_sh,63.237139,43.25
skills_sh,63.36261,43.25
skills_sh,63.48808,43.25
skills_sh,63.613551,43.25
skills_sh,63.739021,43.75
skills_sh,63.864492,43.75
skills_sh,63.989962,43.75
skills_sh,64.115433,43.75
skills_sh,64.240903,43.75
skills_sh,64.366374,43.75
skills_sh,64.491844,43.75
skills_sh,64.617315,44.0
skills_sh,64.742785,44.25
skills_sh,64.868256,44.25
skills_sh,64.993726,44.25
skills_sh,65.119197,44.75
skills_sh,65.244668,44.75
skills_sh,65.370138,44.75
skills_sh,65.495609,44.75
skills_sh,65.621079,44.75
skills_sh,65.74655,44.75
skills_sh,65.87202,44.75
skills_sh,65.997491,45.0
skills_sh,66.122961,45.25
skills_sh,66.248432,45.25
skills_sh,66.373902,45.25
skills_sh,66.499373,45.25
skills_sh,66.624843,45.25
skills_sh,66.750314,45.25
skills_sh,66.875784,45.25
skills_sh,67.001255,46.25
skills_sh,67.126725,46.25
skills_sh,67.252196,46.25
skills_sh,67.377666,46.25
skills_sh,67.503137,46.75
skills_sh,67.628607,46.75
skills_sh,67.754078,46.75
skills_sh,67.879548,46.75
skills_sh,68.005019,46.75
skills_sh,68.130489,46.75
skills_sh,68.25596,46.75
skills_sh,68.38143,47.25
skills_sh,68.506901,47.25
skills_sh,68.632371,47.25
skills_sh,68.757842,47.25
skills_sh,68.883312,47.25
skills_sh,69.008783,47.25
skills_sh,69.134253,47.75
skills_sh,69.259724,47.75
skills_sh,69.385194,47.75
skills_sh,69.510665,47.75
skills_sh,69.636136,47.75
skills_sh,69.761606,48.25
skills_sh,69.887077,48.25
skills_sh,70.012547,48.25
skills_sh,70.138018,48.25
skills_sh,70.263488,48.25
skills_sh,70.388959,48.25
skills_sh,70.514429,48.25
skills_sh,70.6399,48.25
skills_sh,70.76537,48.5
skills_sh,70.890841,48.5
skills_sh,71.016311,48.75
skills_sh,71.141782,48.75
skills_sh,71.267252,48.75
skills_sh,71.392723,48.75
skills_sh,71.518193,48.75
skills_sh,71.643664,48.75
skills_sh,71.769134,48.75
skills_sh,71.894605,48.75
skills_sh,72.020075,48.75
skills_sh,72.145546,48.75
skills_sh,72.271016,48.75
skills_sh,72.396487,48.75
skills_sh,72.521957,48.75
skills_sh,72.647428,49.25
skills_sh,72.772898,49.25
skills_sh,72.898369,49.25
skills_sh,73.023839,49.25
skills_sh,73.14931,49.25
skills_sh,73.27478,49.25
skills_sh,73.400251,49.25
skills_sh,73.525721,49.25
skills_sh,73.651192,49.25
skills_sh,73.776662,49.25
skills_sh,73.902133,49.25
skills_sh,74.027604,49.75
skills_sh,74.153074,50.25
skills_sh,74.278545,50.25
skills_sh,74.404015,50.25
skills_sh,74.529486,50.25
skills_sh,74.654956,50.25
skills_sh,74.780427,50.75
skills_sh,74.905897,50.75
skills_sh,75.031368,50.75
skills_sh,75.156838,50.75
skills_sh,75.282309,51.0
skills_sh,75.407779,51.0
skills_sh,75.53325,51.25
skills_sh,75.65872,51.25
skills_sh,75.784191,51.25
skills_sh,75.909661,51.25
skills_sh,76.035132,51.25
skills_sh,76.160602,51.25
skills_sh,76.286073,51.25
skills_sh,76.411543,51.75
skills_sh,76.537014,51.75
skills_sh,76.662484,51.75
skills_sh,76.787955,52.25
skills_sh,76.913425,52.25
skills_sh,77.038896,52.25
skills_sh,77.164366,52.25
skills_sh,77.289837,52.25
skills_sh,77.415307,52.75
skills_sh,77.540778,52.75
skills_sh,77.666248,52.75
skills_sh,77.791719,52.75
skills_sh,77.917189,52.75
skills_sh,78.04266,52.75
skills_sh,78.16813,52.75
skills_sh,78.293601,52.75
skills_sh,78.419072,52.75
skills_sh,78.544542,52.75
skills_sh,78.670013,52.75
skills_sh,78.795483,53.25
skills_sh,78.920954,53.25
skills_sh,79.046424,53.25
skills_sh,79.171895,53.25
skills_sh,79.297365,53.25
skills_sh,79.422836,53.25
skills_sh,79.548306,53.25
skills_sh,79.673777,53.75
skills_sh,79.799247,53.75
skills_sh,79.924718,53.75
skills_sh,80.050188,53.75
skills_sh,80.175659,53.75
skills_sh,80.301129,53.75
skills_sh,80.4266,53.75
skills_sh,80.55207,53.75
skills_sh,80.677541,54.25
skills_sh,80.803011,54.25
skills_sh,80.928482,54.25
skills_sh,81.053952,54.25
skills_sh,81.179423,54.25
skills_sh,81.304893,54.5
skills_sh,81.430364,54.75
skills_sh,81.555834,55.25
skills_sh,81.681305,55.25
skills_sh,81.806775,55.25
skills_sh,81.932246,55.25
skills_sh,82.057716,55.25
skills_sh,82.183187,55.25
skills_sh,82.308657,55.75
skills_sh,82.434128,56.25
skills_sh,82.559598,56.75
skills_sh,82.685069,56.75
skills_sh,82.81054,56.75
skills_sh,82.93601,56.75
skills_sh,83.061481,56.75
skills_sh,83.186951,56.75
skills_sh,83.312422,56.75
skills_sh,83.437892,56.75
skills_sh,83.563363,57.25
skills_sh,83.688833,57.25
skills_sh,83.814304,57.75
skills_sh,83.939774,58.25
skills_sh,84.065245,58.25
skills_sh,84.190715,58.25
skills_sh,84.316186,58.25
skills_sh,84.441656,58.25
skills_sh,84.567127,58.75
skills_sh,84.692597,58.75
skills_sh,84.818068,58.75
skills_sh,84.943538,59.25
skills_sh,85.069009,59.25
skills_sh,85.194479,59.25
skills_sh,85.31995,59.75
skills_sh,85.44542,60.0
skills_sh,85.570891,60.5
skills_sh,85.696361,60.75
skills_sh,85.821832,60.75
skills_sh,85.947302,60.75
skills_sh,86.072773,61.5
skills_sh,86.198243,61.5
skills_sh,86.323714,61.75
skills_sh,86.449184,62.5
skills_sh,86.574655,62.75
skills_sh,86.700125,62.75
skills_sh,86.825596,62.75
skills_sh,86.951066,62.75
skills_sh,87.076537,63.25
skills_sh,87.202008,63.25
skills_sh,87.327478,63.25
skills_sh,87.452949,63.5
skills_sh,87.578419,63.5
skills_sh,87.70389,63.5
skills_sh,87.82936,64.0
skills_sh,87.954831,64.0
skills_sh,88.080301,64.5
skills_sh,88.205772,64.5
skills_sh,88.331242,64.5
skills_sh,88.456713,64.5
skills_sh,88.582183,64.75
skills_sh,88.707654,64.75
skills_sh,88.833124,65.0
skills_sh,88.958595,65.25
skills_sh,89.084065,65.5
skills_sh,89.209536,65.75
skills_sh,89.335006,66.0
skills_sh,89.460477,66.0
skills_sh,89.585947,66.25
skills_sh,89.711418,66.75
skills_sh,89.836888,66.75
skills_sh,89.962359,66.75
skills_sh,90.087829,67.0
skills_sh,90.2133,68.0
skills_sh,90.33877,68.0
skills_sh,90.464241,68.0
skills_sh,90.589711,68.0
skills_sh,90.715182,69.75
skills_sh,90.840652,70.5
skills_sh,90.966123,70.5
skills_sh,91.091593,70.5
skills_sh,91.217064,70.75
skills_sh,91.342535,71.5
skills_sh,91.468005,71.5
skills_sh,91.593476,72.0
skills_sh,91.718946,72.0
skills_sh,91.844417,72.5
skills_sh,91.969887,72.5
skills_sh,92.095358,73.0
skills_sh,92.220828,73.0
skills_sh,92.346299,73.0
skills_sh,92.471769,73.0
skills_sh,92.59724,73.25
skills_sh,92.72271,73.5
skills_sh,92.848181,73.5
skills_sh,92.973651,73.5
skills_sh,93.099122,73.75
skills_sh,93.224592,74.0
skills_sh,93.350063,74.0
skills_sh,93.475533,74.0
skills_sh,93.601004,74.5
skills_sh,93.726474,74.5
skills_sh,93.851945,74.5
skills_sh,93.977415,74.75
skills_sh,94.102886,75.0
skills_sh,94.228356,75.5
skills_sh,94.353827,75.5
skills_sh,94.479297,75.5
skills_sh,94.604768,76.0
skills_sh,94.730238,76.5
skills_sh,94.855709,76.5
skills_sh,94.981179,77.0
skills_sh,95.10665,77.75
skills_sh,95.23212,77.75
skills_sh,95.357591,77.75
skills_sh,95.483061,78.0
skills_sh,95.608532,78.0
skills_sh,95.734003,78.0
skills_sh,95.859473,78.5
skills_sh,95.984944,79.0
skills_sh,96.110414,79.0
skills_sh,96.235885,79.0
skills_sh,96.361355,79.0
skills_sh,96.486826,79.0
skills_sh,96.612296,79.0
skills_sh,96.737767,79.5
skills_sh,96.863237,81.5
skills_sh,96.988708,81.5
skills_sh,97.114178,82.0
skills_sh,97.239649,82.0
skills_sh,97.365119,84.0
skills_sh,97.49059,84.5
skills_sh,97.61606,84.5
skills_sh,97.741531,84.5
skills_sh,97.867001,84.5
skills_sh,97.992472,85.5
skills_sh,98.117942,86.0
skills_sh,98.243413,86.0
skills_sh,98.368883,88.0
skills_sh,98.494354,88.0
skills_sh,98.619824,88.0
skills_sh,98.745295,92.0
skills_sh,98.870765,92.5
skills_sh,98.996236,92.5
skills_sh,99.121706,93.0
skills_sh,99.247177,93.0
skills_sh,99.372647,93.0
skills_sh,99.498118,96.0
skills_sh,99.623588,96.5
skills_sh,99.749059,100.0
skills_sh,99.874529,100.0
skills_sh,100.0,100.0
skillsdirectory,0.0,27.0
skillsdirectory,1.190476,28.0
skillsdirectory,2.380952,29.0
skillsdirectory,3.571429,31.5
skillsdirectory,4.761905,32.0
skillsdirectory,5.952381,34.25
skillsdirectory,7.142857,34.25
skillsdirectory,8.333333,34.25
skillsdirectory,9.52381,35.25
skillsdirectory,10.714286,35.25
skillsdirectory,11.904762,36.25
skillsdirectory,13.095238,36.5
skillsdirectory,14.285714,37.0
skillsdirectory,15.47619,37.75
skillsdirectory,16.666667,37.75
skillsdirectory,17.857143,37.75
skillsdirectory,19.047619,37.75
skillsdirectory,20.238095,39.25
skillsdirectory,21.428571,39.25
skillsdirectory,22.619048,39.75
skillsdirectory,23.809524,39.75
skillsdirectory,25.0,40.25
skillsdirectory,26.190476,41.25
skillsdirectory,27.380952,42.25
skillsdirectory,28.571429,42.75
skillsdirectory,29.761905,43.25
skillsdirectory,30.952381,43.25
skillsdirectory,32.142857,43.75
skillsdirectory,33.333333,44.25
skillsdirectory,34.52381,45.25
skillsdirectory,35.714286,45.25
skillsdirectory,36.904762,45.25
skillsdirectory,38.095238,46.25
skillsdirectory,39.285714,47.75
skillsdirectory,40.47619,47.75
skillsdirectory,41.666667,48.75
skillsdirectory,42.857143,48.75
skillsdirectory,44.047619,50.25
skillsdirectory,45.238095,51.75
skillsdirectory,46.428571,52.25
skillsdirectory,47.619048,52.75
skillsdirectory,48.809524,53.25
skillsdirectory,50.0,53.25
skillsdirectory,51.190476,53.25
skillsdirectory,52.380952,53.25
skillsdirectory,53.571429,54.25
skillsdirectory,54.761905,55.25
skillsdirectory,55.952381,55.25
skillsdirectory,57.142857,55.75
skillsdirectory,58.333333,57.25
skillsdirectory,59.52381,58.25
skillsdirectory,60.714286,58.25
skillsdirectory,61.904762,59.25
skillsdirectory,63.095238,59.75
skillsdirectory,64.285714,60.75
skillsdirectory,65.47619,60.75
skillsdirectory,66.666667,62.75
skillsdirectory,67.857143,62.75
skillsdirectory,69.047619,63.5
skillsdirectory,70.238095,64.0
skillsdirectory,71.428571,64.75
skillsdirectory,72.619048,65.25
skillsdirectory,73.809524,66.75
skillsdirectory,75.0,66.75
skillsdirectory,76.190476,67.0
skillsdirectory,77.380952,70.5
skillsdirectory,78.571429,72.0
skillsdirectory,79.761905,72.0
skillsdirectory,80.952381,73.5
skillsdirectory,82.142857,73.5
skillsdirectory,83.333333,73.5
skillsdirectory,84.52381,74.5
skillsdirectory,85.714286,75.0
skillsdirectory,86.904762,75.5
skillsdirectory,88.095238,76.0
skillsdirectory,89.285714,76.5
skillsdirectory,90.47619,76.5
skillsdirectory,91.666667,78.0
skillsdirectory,92.857143,79.0
skillsdirectory,94.047619,79.0
skillsdirectory,95.238095,81.5
skillsdirectory,96.428571,84.5
skillsdirectory,97.619048,88.0
skillsdirectory,98.809524,88.0
skillsdirectory,100.0,100.0
gharchive,0.0,18.0
gharchive,0.111235,18.0
gharchive,0.222469,18.0
gharchive,0.333704,18.0
gharchive,0.444939,18.0
gharchive,0.556174,18.0
gharchive,0.667408,18.0
gharchive,0.778643,18.0
gharchive,0.889878,18.0
gharchive,1.001112,18.0
gharchive,1.112347,18.0
gharchive,1.223582,18.0
gharchive,1.334816,18.0
gharchive,1.446051,18.0
gharchive,1.557286,18.0
gharchive,1.668521,18.0
gharchive,1.779755,18.0
gharchive,1.89099,18.0
gharchive,2.002225,18.0
gharchive,2.113459,18.0
gharchive,2.224694,18.0
gharchive,2.335929,18.0
gharchive,2.447164,18.0
gharchive,2.558398,19.0
gharchive,2.669633,19.0
gharchive,2.780868,19.0
gharchive,2.892102,19.0
gharchive,3.003337,19.0
gharchive,3.114572,19.0
gharchive,3.225806,19.0
gharchive,3.337041,19.0
gharchive,3.448276,19.0
gharchive,3.559511,19.0
gharchive,3.670745,19.0
gharchive,3.78198,19.0
gharchive,3.893215,19.0
gharchive,4.004449,19.0
gharchive,4.115684,19.0
gharchive,4.226919,21.5
gharchive,4.338154,21.5
gharchive,4.449388,21.5
gharchive,4.560623,22.0
gharchive,4.671858,22.0
gharchive,4.783092,22.0
gharchive,4.894327,22.0
gharchive,5.005562,22.0
gharchive,5.116796,22.0
gharchive,5.228031,22.0
gharchive,5.339266,22.0
gharchive,5.450501,22.0
gharchive,5.561735,22.0
gharchive,5.67297,22.0
gharchive,5.784205,22.0
gharchive,5.895439,22.0
gharchive,6.006674,22.0
gharchive,6.117909,22.0
gharchive,6.229143,22.0
gharchive,6.340378,22.5
gharchive,6.451613,23.0
gharchive,6.562848,23.0
gharchive,6.674082,23.0
gharchive,6.785317,23.0
gharchive,6.896552,23.0
gharchive,7.007786,23.0
gharchive,7.119021,23.0
gharchive,7.230256,23.0
gharchive,7.341491,23.0
gharchive,7.452725,23.0
gharchive,7.56396,23.0
gharchive,7.675195,23.0
gharchive,7.786429,23.0
gharchive,7.897664,23.0
gharchive,8.008899,23.0
gharchive,8.120133,23.0
gharchive,8.231368,23.0
gharchive,8.342603,23.0
gharchive,8.453838,23.0
gharchive,8.565072,23.0
gharchive,8.676307,23.0
gharchive,8.787542,23.0
gharchive,8.898776,23.0
gharchive,9.010011,23.0
gharchive,9.121246,23.0
gharchive,9.232481,23.0
gharchive,9.343715,23.0
gharchive,9.45495,23.0
gharchive,9.566185,23.0
gharchive,9.677419,24.0
gharchive,9.788654,24.0
gharchive,9.899889,24.0
gharchive,10.011123,24.0
gharchive,10.122358,24.0
gharchive,10.233593,24.0
gharchive,10.344828,24.0
gharchive,10.456062,24.0
gharchive,10.567297,24.0
gharchive,10.678532,24.0
gharchive,10.789766,24.0
gharchive,10.901001,24.0
gharchive,11.012236,24.0
gharchive,11.123471,24.0
gharchive,11.234705,24.0
gharchive,11.34594,24.0
gharchive,11.457175,24.0
gharchive,11.568409,24.0
gharchive,11.679644,24.0
gharchive,11.790879,24.0
gharchive,11.902113,24.0
gharchive,12.013348,24.0
gharchive,12.124583,24.0
gharchive,12.235818,24.0
gharchive,12.347052,24.0
gharchive,12.458287,24.0
gharchive,12.569522,24.0
gharchive,12.680756,24.0
gharchive,12.791991,24.0
gharchive,12.903226,24.0
gharchive,13.014461,24.0
gharchive,13.125695,24.0
gharchive,13.23693,24.0
gharchive,13.348165,24.0
gharchive,13.459399,24.0
gharchive,13.570634,24.0
gharchive,13.681869,24.0
gharchive,13.793103,24.0
gharchive,13.904338,24.5
gharchive,14.015573,25.5
gharchive,14.126808,25.5
gharchive,14.238042,25.5
gharchive,14.349277,25.5
gharchive,14.460512,26.0
gharchive,14.571746,26.0
gharchive,14.682981,26.5
gharchive,14.794216,26.5
gharchive,14.905451,26.5
gharchive,15.016685,26.5
gharchive,15.12792,26.5
gharchive,15.239155,26.5
gharchive,15.350389,26.5
gharchive,15.461624,26.5
gharchive,15.572859,26.5
gharchive,15.684093,26.5
gharchive,15.795328,26.5
gharchive,15.906563,26.5
gharchive,16.017798,26.5
gharchive,16.129032,26.5
gharchive,16.240267,26.5
gharchive,16.351502,26.5
gharchive,16.462736,26.5
gharchive,16.573971,26.5
gharchive,16.685206,26.5
gharchive,16.79644,27.0
gharchive,16.907675,27.0
gharchive,17.01891,27.0
gharchive,17.130145,27.0
gharchive,17.241379,27.0
gharchive,17.352614,27.0
gharchive,17.463849,27.0
gharchive,17.575083,27.0
gharchive,17.686318,27.0
gharchive,17.797553,27.0
gharchive,17.908788,27.0
gharchive,18.020022,27.0
gharchive,18.131257,27.0
gharchive,18.242492,27.0
gharchive,18.353726,27.5
gharchive,18.464961,27.5
gharchive,18.576196,27.5
gharchive,18.68743,27.5
gharchive,18.798665,27.5
gharchive,18.9099,27.5
gharchive,19.021135,27.5
gharchive,19.132369,27.5
gharchive,19.243604,27.5
gharchive,19.354839,27.5
gharchive,19.466073,27.5
gharchive,19.577308,27.5
gharchive,19.688543,27.5
gharchive,19.799778,27.5
gharchive,19.911012,28.0
gharchive,20.022247,28.0
gharchive,20.133482,28.0
gharchive,20.244716,28.0
gharchive,20.355951,28.0
gharchive,20.467186,28.0
gharchive,20.57842,28.0
gharchive,20.689655,28.0
gharchive,20.80089,28.0
gharchive,20.912125,28.0
gharchive,21.023359,28.0
gharchive,21.134594,28.0
gharchive,21.245829,28.0
gharchive,21.357063,28.0
gharchive,21.468298,28.0
gharchive,21.579533,28.0
gharchive,21.690768,28.0
gharchive,21.802002,28.0
gharchive,21.913237,28.0
gharchive,22.024472,28.0
gharchive,22.135706,28.0
gharchive,22.246941,28.0
gharchive,22.358176,28.0
gharchive,22.46941,28.0
gharchive,22.580645,28.0
gharchive,22.69188,28.0
gharchive,22.803115,28.0
gharchive,22.914349,28.0
gharchive,23.025584,28.0
gharchive,23.136819,28.0
gharchive,23.248053,28.5
gharchive,23.359288,29.0
gharchive,23.470523,29.0
gharchive,23.581758,29.0
gharchive,23.692992,29.0
gharchive,23.804227,29.0
gharchive,23.915462,29.0
gharchive,24.026696,29.0
gharchive,24.137931,29.0
gharchive,24.249166,29.0
gharchive,24.3604,29.0
gharchive,24.471635,29.0
gharchive,24.58287,29.0
gharchive,24.694105,29.0
gharchive,24.805339,29.0
gharchive,24.916574,29.0
gharchive,25.027809,29.0
gharchive,25.139043,29.0
gharchive,25.250278,29.0
gharchive,25.361513,29.0
gharchive,25.472747,29.0
gharchive,25.583982,29.0
gharchive,25.695217,29.5
gharchive,25.806452,30.25
gharchive,25.917686,30.25
gharchive,26.028921,30.5
gharchive,26.140156,30.5
gharchive,26.25139,30.5
gharchive,26.362625,30.5
gharchive,26.47386,30.5
gharchive,26.585095,30.5
gharchive,26.696329,31.0
gharchive,26.807564,31.0
gharchive,26.918799,31.0
gharchive,27.030033,31.0
gharchive,27.141268,31.0
gharchive,27.252503,31.0
gharchive,27.363737,31.0
gharchive,27.474972,31.0
gharchive,27.586207,31.0
gharchive,27.697442,31.0
gharchive,27.808676,31.25
gharchive,27.919911,31.25
gharchive,28.031146,31.25
gharchive,28.14238,31.5
gharchive,28.253615,31.5
gharchive,28.36485,31.5
gharchive,28.476085,31.5
gharchive,28.587319,31.5
gharchive,28.698554,31.5
gharchive,28.809789,31.5
gharchive,28.921023,31.5
gharchive,29.032258,31.5
gharchive,29.143493,31.5
gharchive,29.254727,31.5
gharchive,29.365962,31.5
gharchive,29.477197,31.5
gharchive,29.588432,31.5
gharchive,29.699666,31.5
gharchive,29.810901,31.5
gharchive,29.922136,32.0
gharchive,30.03337,32.0
gharchive,30.144605,32.0
gharchive,30.25584,32.0
gharchive,30.367075,32.0
gharchive,30.478309,32.0
gharchive,30.589544,32.0
gharchive,30.700779,32.0
gharchive,30.812013,32.0
gharchive,30.923248,32.0
gharchive,31.034483,32.0
gharchive,31.145717,32.0
gharchive,31.256952,32.0
gharchive,31.368187,32.0
gharchive,31.479422,32.0
gharchive,31.590656,32.0
gharchive,31.701891,32.0
gharchive,31.813126,32.0
gharchive,31.92436,32.0
gharchive,32.035595,32.0
gharchive,32.14683,32.0
gharchive,32.258065,32.5
gharchive,32.369299,32.5
gharchive,32.480534,32.5
gharchive,32.591769,32.5
gharchive,32.703003,32.5
gharchive,32.814238,32.5
gharchive,32.925473,32.5
gharchive,33.036707,32.5
gharchive,33.147942,32.5
gharchive,33.259177,32.5
gharchive,33.370412,32.5
gharchive,33.481646,32.5
gharchive,33.592881,32.5
gharchive,33.704116,32.5
gharchive,33.81535,32.5
gharchive,33.926585,33.0
gharchive,34.03782,33.0
gharchive,34.149055,33.0
gharchive,34.260289,33.0
gharchive,34.371524,33.0
gharchive,34.482759,33.0
gharchive,34.593993,33.0
gharchive,34.705228,33.0
gharchive,34.816463,33.0
gharchive,34.927697,33.0
gharchive,35.038932,33.0
gharchive,35.150167,33.0
gharchive,35.261402,33.0
gharchive,35.372636,33.0
gharchive,35.483871,33.0
gharchive,35.595106,33.0
gharchive,35.70634,33.0
gharchive,35.817575,33.0
gharchive,35.92881,33.0
gharchive,36.040044,33.0
gharchive,36.151279,33.0
gharchive,36.262514,33.0
gharchive,36.373749,33.0
gharchive,36.484983,33.0
gharchive,36.596218,33.0
gharchive,36.707453,33.0
gharchive,36.818687,33.5
gharchive,36.929922,34.25
gharchive,37.041157,34.25
gharchive,37.152392,34.25
gharchive,37.263626,34.25
gharchive,37.374861,34.5
gharchive,37.486096,34.5
gharchive,37.59733,34.5
gharchive,37.708565,34.5
gharchive,37.8198,34.5
gharchive,37.931034,34.75
gharchive,38.042269,34.75
gharchive,38.153504,34.75
gharchive,38.264739,35.0
gharchive,38.375973,35.0
gharchive,38.487208,35.0
gharchive,38.598443,35.0
gharchive,38.709677,35.0
gharchive,38.820912,35.0
gharchive,38.932147,35.0
gharchive,39.043382,35.25
gharchive,39.154616,35.25
gharchive,39.265851,35.25
gharchive,39.377086,35.25
gharchive,39.48832,35.25
gharchive,39.599555,35.25
gharchive,39.71079,35.25
gharchive,39.822024,35.25
gharchive,39.933259,35.25
gharchive,40.044494,35.25
gharchive,40.155729,35.25
gharchive,40.266963,35.25
gharchive,40.378198,35.5
gharchive,40.489433,35.5
gharchive,40.600667,35.5
gharchive,40.711902,35.5
gharchive,40.823137,35.5
gharchive,40.934372,35.5
gharchive,41.045606,36.0
gharchive,41.156841,36.0
gharchive,41.268076,36.0
gharchive,41.37931,36.0
gharchive,41.490545,36.0
gharchive,41.60178,36.0
gharchive,41.713014,36.0
gharchive,41.824249,36.0
gharchive,41.935484,36.0
gharchive,42.046719,36.0
gharchive,42.157953,36.0
gharchive,42.269188,36.0
gharchive,42.380423,36.25
gharchive,42.491657,36.25
gharchive,42.602892,36.25
gharchive,42.714127,36.25
gharchive,42.825362,36.25
gharchive,42.936596,36.25
gharchive,43.047831,36.25
gharchive,43.159066,36.25
gharchive,43.2703,36.25
gharchive,43.381535,36.25
gharchive,43.49277,36.25
gharchive,43.604004,36.5
gharchive,43.715239,36.5
gharchive,43.826474,36.5
gharchive,43.937709,36.5
gharchive,44.048943,36.5
gharchive,44.160178,36.5
gharchive,44.271413,36.5
gharchive,44.382647,36.5
gharchive,44.493882,36.5
gharchive,44.605117,36.5
gharchive,44.716352,36.5
gharchive,44.827586,36.5
gharchive,44.938821,37.0
gharchive,45.050056,37.0
gharchive,45.16129,37.0
gharchive,45.272525,37.0
gharchive,45.38376,37.0
gharchive,45.494994,37.0
gharchive,45.606229,37.0
gharchive,45.717464,37.0
gharchive,45.828699,37.0
gharchive,45.939933,37.0
gharchive,46.051168,37.0
gharchive,46.162403,37.0
gharchive,46.273637,37.0
gharchive,46.384872,37.0
gharchive,46.496107,37.0
gharchive,46.607341,37.0
gharchive,46.718576,37.0
gharchive,46.829811,37.0
gharchive,46.941046,37.0
gharchive,47.05228,37.0
gharchive,47.163515,37.0
gharchive,47.27475,37.0
gharchive,47.385984,37.0
gharchive,47.497219,37.75
gharchive,47.608454,37.75
gharchive,47.719689,37.75
gharchive,47.830923,37.75
gharchive,47.942158,37.75
gharchive,48.053393,37.75
gharchive,48.164627,37.75
gharchive,48.275862,37.75
gharchive,48.387097,37.75
gharchive,48.498331,37.75
gharchive,48.609566,38.25
gharchive,48.720801,38.25
gharchive,48.832036,38.5
gharchive,48.94327,38.5
gharchive,49.054505,38.5
gharchive,49.16574,38.75
gharchive,49.276974,38.75
gharchive,49.388209,38.75
gharchive,49.499444,38.75
gharchive,49.610679,38.75
gharchive,49.721913,38.75
gharchive,49.833148,38.75
gharchive,49.944383,38.75
gharchive,50.055617,38.75
gharchive,50.166852,39.0
gharchive,50.278087,39.25
gharchive,50.389321,39.25
gharchive,50.500556,39.25
gharchive,50.611791,39.25
gharchive,50.723026,39.25
gharchive,50.83426,39.25
gharchive,50.945495,39.25
gharchive,51.05673,39.25
gharchive,51.167964,39.5
gharchive,51.279199,39.5
gharchive,51.390434,39.5
gharchive,51.501669,39.5
gharchive,51.612903,39.5
gharchive,51.724138,39.5
gharchive,51.835373,39.75
gharchive,51.946607,39.75
gharchive,52.057842,39.75
gharchive,52.169077,39.75
gharchive,52.280311,39.75
gharchive,52.391546,39.75
gharchive,52.502781,39.75
gharchive,52.614016,39.75
gharchive,52.72525,39.75
gharchive,52.836485,39.75
gharchive,52.94772,39.75
gharchive,53.058954,39.75
gharchive,53.170189,39.75
gharchive,53.281424,40.0
gharchive,53.392659,40.0
gharchive,53.503893,40.0
gharchive,53.615128,40.0
gharchive,53.726363,40.25
gharchive,53.837597,40.25
gharchive,53.948832,40.25
gharchive,54.060067,40.25
gharchive,54.171301,40.25
gharchive,54.282536,40.25
gharchive,54.393771,40.25
gharchive,54.505006,40.25
gharchive,54.61624,40.25
gharchive,54.727475,40.25
gharchive,54.83871,40.25
gharchive,54.949944,40.5
gharchive,55.061179,40.5
gharchive,55.172414,40.5
gharchive,55.283648,40.5
gharchive,55.394883,40.5
gharchive,55.506118,40.5
gharchive,55.617353,40.5
gharchive,55.728587,40.5
gharchive,55.839822,40.5
gharchive,55.951057,40.5
gharchive,56.062291,40.5
gharchive,56.173526,40.5
gharchive,56.284761,40.5
gharchive,56.395996,40.5
gharchive,56.50723,41.0
gharchive,56.618465,41.0
gharchive,56.7297,41.0
gharchive,56.840934,41.25
gharchive,56.952169,41.25
gharchive,57.063404,41.25
gharchive,57.174638,41.25
gharchive,57.285873,41.25
gharchive,57.397108,41.25
gharchive,57.508343,41.25
gharchive,57.619577,41.25
gharchive,57.730812,41.25
gharchive,57.842047,41.25
gharchive,57.953281,41.25
gharchive,58.064516,41.25
gharchive,58.175751,41.25
gharchive,58.286986,41.25
gharchive,58.39822,41.75
gharchive,58.509455,41.75
gharchive,58.62069,42.0
gharchive,58.731924,42.25
gharchive,58.843159,42.25
gharchive,58.954394,42.25
gharchive,59.065628,42.25
gharchive,59.176863,42.25
gharchive,59.288098,42.5
gharchive,59.399333,42.5
gharchive,59.510567,42.5
gharchive,59.621802,42.75
gharchive,59.733037,42.75
gharchive,59.844271,42.75
gharchive,59.955506,42.75
gharchive,60.066741,42.75
gharchive,60.177976,43.25
gharchive,60.28921,43.25
gharchive,60.400445,43.25
gharchive,60.51168,43.25
gharchive,60.622914,43.25
gharchive,60.734149,43.25
gharchive,60.845384,43.25
gharchive,60.956618,43.25
gharchive,61.067853,43.25
gharchive,61.179088,43.25
gharchive,61.290323,43.25
gharchive,61.401557,43.25
gharchive,61.512792,43.25
gharchive,61.624027,43.25
gharchive,61.735261,43.25
gharchive,61.846496,43.25
gharchive,61.957731,43.25
gharchive,62.068966,43.5
gharchive,62.1802,43.5
gharchive,62.291435,43.5
gharchive,62.40267,43.5
gharchive,62.513904,43.5
gharchive,62.625139,43.75
gharchive,62.736374,43.75
gharchive,62.847608,43.75
gharchive,62.958843,43.75
gharchive,63.070078,43.75
gharchive,63.181313,43.75
gharchive,63.292547,43.75
gharchive,63.403782,43.75
gharchive,63.515017,43.75
gharchive,63.626251,43.75
gharchive,63.737486,43.75
gharchive,63.848721,43.75
gharchive,63.959956,44.25
gharchive,64.07119,44.25
gharchive,64.182425,44.25
gharchive,64.29366,44.25
gharchive,64.404894,44.5
gharchive,64.516129,44.5
gharchive,64.627364,44.75
gharchive,64.738598,44.75
gharchive,64.849833,44.75
gharchive,64.961068,44.75
gharchive,65.072303,44.75
gharchive,65.183537,44.75
gharchive,65.294772,44.75
gharchive,65.406007,44.75
gharchive,65.517241,45.0
gharchive,65.628476,45.25
gharchive,65.739711,45.25
gharchive,65.850945,45.25
gharchive,65.96218,45.25
gharchive,66.073415,45.25
gharchive,66.18465,45.25
gharchive,66.295884,45.25
gharchive,66.407119,45.25
gharchive,66.518354,45.25
gharchive,66.629588,45.25
gharchive,66.740823,45.25
gharchive,66.852058,45.25
gharchive,66.963293,45.25
gharchive,67.074527,45.25
gharchive,67.185762,45.25
gharchive,67.296997,45.25
gharchive,67.408231,45.25
gharchive,67.519466,45.75
gharchive,67.630701,46.25
gharchive,67.741935,46.25
gharchive,67.85317,46.25
gharchive,67.964405,46.25
gharchive,68.07564,46.75
gharchive,68.186874,46.75
gharchive,68.298109,46.75
gharchive,68.409344,47.0
gharchive,68.520578,47.25
gharchive,68.631813,47.25
gharchive,68.743048,47.25
gharchive,68.854283,47.25
gharchive,68.965517,47.5
gharchive,69.076752,47.5
gharchive,69.187987,47.75
gharchive,69.299221,47.75
gharchive,69.410456,47.75
gharchive,69.521691,47.75
gharchive,69.632925,47.75
gharchive,69.74416,47.75
gharchive,69.855395,47.75
gharchive,69.96663,47.75
gharchive,70.077864,47.75
gharchive,70.189099,47.75
gharchive,70.300334,47.75
gharchive,70.411568,48.25
gharchive,70.522803,48.25
gharchive,70.634038,48.25
gharchive,70.745273,48.25
gharchive,70.856507,48.25
gharchive,70.967742,48.25
gharchive,71.078977,48.25
gharchive,71.190211,48.25
gharchive,71.301446,48.25
gharchive,71.412681,48.25
gharchive,71.523915,48.5
gharchive,71.63515,48.5
gharchive,71.746385,48.75
gharchive,71.85762,48.75
gharchive,71.968854,48.75
gharchive,72.080089,48.75
gharchive,72.191324,48.75
gharchive,72.302558,48.75
gharchive,72.413793,48.75
gharchive,72.525028,48.75
gharchive,72.636263,48.75
gharchive,72.747497,48.75
gharchive,72.858732,48.75
gharchive,72.969967,48.75
gharchive,73.081201,48.75
gharchive,73.192436,48.75
gharchive,73.303671,48.75
gharchive,73.414905,48.75
gharchive,73.52614,48.75
gharchive,73.637375,48.75
gharchive,73.74861,48.75
gharchive,73.859844,48.75
gharchive,73.971079,49.25
gharchive,74.082314,49.25
gharchive,74.193548,49.25
gharchive,74.304783,49.25
gharchive,74.416018,49.25
gharchive,74.527253,49.25
gharchive,74.638487,49.25
gharchive,74.749722,49.25
gharchive,74.860957,49.25
gharchive,74.972191,49.25
gharchive,75.083426,49.25
gharchive,75.194661,50.25
gharchive,75.305895,50.25
gharchive,75.41713,50.25
gharchive,75.528365,50.25
gharchive,75.6396,50.75
gharchive,75.750834,50.75
gharchive,75.862069,50.75
gharchive,75.973304,50.75
gharchive,76.084538,51.25
gharchive,76.195773,51.25
gharchive,76.307008,51.25
gharchive,76.418242,51.25
gharchive,76.529477,51.25
gharchive,76.640712,51.25
gharchive,76.751947,51.75
gharchive,76.863181,51.75
gharchive,76.974416,51.75
gharchive,77.085651,51.75
gharchive,77.196885,51.75
gharchive,77.30812,51.75
gharchive,77.419355,51.75
gharchive,77.53059,52.25
gharchive,77.641824,52.25
gharchive,77.753059,52.25
gharchive,77.864294,52.25
gharchive,77.975528,52.25
gharchive,78.086763,52.25
gharchive,78.197998,52.25
gharchive,78.309232,52.25
gharchive,78.420467,52.25
gharchive,78.531702,52.25
gharchive,78.642937,52.75
gharchive,78.754171,52.75
gharchive,78.865406,52.75
gharchive,78.976641,52.75
gharchive,79.087875,52.75
gharchive,79.19911,52.75
gharchive,79.310345,52.75
gharchive,79.42158,52.75
gharchive,79.532814,52.75
gharchive,79.644049,52.75
gharchive,79.755284,52.75
gharchive,79.866518,52.75
gharchive,79.977753,52.75
gharchive,80.088988,52.75
gharchive,80.200222,52.75
gharchive,80.311457,52.75
gharchive,80.422692,53.25
gharchive,80.533927,53.25
gharchive,80.645161,53.25
gharchive,80.756396,53.25
gharchive,80.867631,53.25
gharchive,80.978865,53.25
gharchive,81.0901,53.25
gharchive,81.201335,53.25
gharchive,81.31257,53.75
gharchive,81.423804,53.75
gharchive,81.535039,53.75
gharchive,81.646274,53.75
gharchive,81.757508,54.25
gharchive,81.868743,54.25
gharchive,81.979978,54.75
gharchive,82.091212,55.25
gharchive,82.202447,55.25
gharchive,82.313682,55.25
gharchive,82.424917,55.25
gharchive,82.536151,55.25
gharchive,82.647386,55.25
gharchive,82.758621,55.25
gharchive,82.869855,55.25
gharchive,82.98109,55.25
gharchive,83.092325,55.25
gharchive,83.20356,55.75
gharchive,83.314794,55.75
gharchive,83.426029,56.25
gharchive,83.537264,56.25
gharchive,83.648498,56.25
gharchive,83.759733,56.25
gharchive,83.870968,56.25
gharchive,83.982202,56.25
gharchive,84.093437,56.25
gharchive,84.204672,56.25
gharchive,84.315907,56.25
gharchive,84.427141,56.75
gharchive,84.538376,56.75
gharchive,84.649611,56.75
gharchive,84.760845,56.75
gharchive,84.87208,56.75
gharchive,84.983315,56.75
gharchive,85.094549,56.75
gharchive,85.205784,56.75
gharchive,85.317019,56.75
gharchive,85.428254,57.25
gharchive,85.539488,57.25
gharchive,85.650723,57.25
gharchive,85.761958,57.25
gharchive,85.873192,57.75
gharchive,85.984427,58.25
gharchive,86.095662,58.25
gharchive,86.206897,58.25
gharchive,86.318131,58.25
gharchive,86.429366,58.25
gharchive,86.540601,58.25
gharchive,86.651835,58.75
gharchive,86.76307,58.75
gharchive,86.874305,58.75
gharchive,86.985539,59.25
gharchive,87.096774,59.75
gharchive,87.208009,60.25
gharchive,87.319244,60.25
gharchive,87.430478,60.75
gharchive,87.541713,60.75
gharchive,87.652948,60.75
gharchive,87.764182,61.5
gharchive,87.875417,61.75
gharchive,87.986652,62.75
gharchive,88.097887,62.75
gharchive,88.209121,62.75
gharchive,88.320356,62.75
gharchive,88.431591,62.75
gharchive,88.542825,63.25
gharchive,88.65406,63.25
gharchive,88.765295,63.25
gharchive,88.876529,63.25
gharchive,88.987764,63.25
gharchive,89.098999,63.5
gharchive,89.210234,64.0
gharchive,89.321468,64.5
gharchive,89.432703,64.5
gharchive,89.543938,64.75
gharchive,89.655172,64.75
gharchive,89.766407,64.75
gharchive,89.877642,65.25
gharchive,89.988877,65.5
gharchive,90.100111,65.75
gharchive,90.211346,66.0
gharchive,90.322581,66.0
gharchive,90.433815,66.25
gharchive,90.54505,66.75
gharchive,90.656285,66.75
gharchive,90.767519,67.0
gharchive,90.878754,68.0
gharchive,90.989989,68.0
gharchive,91.101224,69.25
gharchive,91.212458,69.25
gharchive,91.323693,69.75
gharchive,91.434928,69.75
gharchive,91.546162,69.75
gharchive,91.657397,69.75
gharchive,91.768632,69.75
gharchive,91.879867,70.5
gharchive,91.991101,70.5
gharchive,92.102336,70.75
gharchive,92.213571,70.75
gharchive,92.324805,71.5
gharchive,92.43604,71.5
gharchive,92.547275,72.0
gharchive,92.658509,72.5
gharchive,92.769744,73.0
gharchive,92.880979,73.0
gharchive,92.992214,73.0
gharchive,93.103448,73.5
gharchive,93.214683,73.5
gharchive,93.325918,73.5
gharchive,93.437152,74.0
gharchive,93.548387,74.0
gharchive,93.659622,74.0
gharchive,93.770857,74.5
gharchive,93.882091,74.5
gharchive,93.993326,74.5
gharchive,94.104561,74.75
gharchive,94.215795,75.5
gharchive,94.32703,76.5
gharchive,94.438265,76.5
gharchive,94.549499,76.75
gharchive,94.660734,77.0
gharchive,94.771969,77.25
gharchive,94.883204,77.25
gharchive,94.994438,77.75
gharchive,95.105673,77.75
gharchive,95.216908,77.75
gharchive,95.328142,78.0
gharchive,95.439377,78.0
gharchive,95.550612,78.0
gharchive,95.661846,79.0
gharchive,95.773081,79.0
gharchive,95.884316,79.0
gharchive,95.995551,79.0
gharchive,96.106785,79.0
gharchive,96.21802,79.5
gharchive,96.329255,80.0
gharchive,96.440489,80.25
gharchive,96.551724,81.25
gharchive,96.662959,81.5
gharchive,96.774194,81.5
gharchive,96.885428,82.0
gharchive,96.996663,84.0
gharchive,97.107898,84.5
gharchive,97.219132,84.5
gharchive,97.330367,84.5
gharchive,97.441602,84.5
gharchive,97.552836,85.5
gharchive,97.664071,86.0
gharchive,97.775306,86.0
gharchive,97.886541,86.0
gharchive,97.997775,86.0
gharchive,98.10901,88.0
gharchive,98.220245,88.0
gharchive,98.331479,88.0
gharchive,98.442714,92.0
gharchive,98.553949,92.5
gharchive,98.665184,92.5
gharchive,98.776418,93.0
gharchive,98.887653,93.0
gharchive,98.998888,96.0
gharchive,99.110122,96.5
gharchive,99.221357,96.5
gharchive,99.332592,96.5
gharchive,99.443826,96.5
gharchive,99.555061,100.0
gharchive,99.666296,100.0
gharchive,99.777531,100.0
gharchive,99.888765,100.0
gharchive,100.0,100.0
